Median Income,State,Year
50301,arkansas,2004
49972,mississippi,2004
79172,alaska,2004
73166,colorado,2004
73532,virginia,2004
61906,ohio,2004
58943,oregon,2004
44358,idaho,2004
66251,illinois,2004
63745,united states,2004
60586,missouri,2004
59046,kansas,2004
81691,new hampshire,2004
41329,maine,2004
59105,south dakota,2004
63417,pennsylvania,2004
64198,new york,2004
73144,utah,2004
62389,iowa,2004
60862,indiana,2004
79476,new jersey,2004
80867,hawaii,2004
56959,oklahoma,2004
82105,maryland,2004
80668,minnesota,2004
56884,new mexico,2004
69087,delaware,2004
56392,north dakota,2004
62957,nebraska,2004
57856,north carolina,2004
36429,louisiana,2004
65274,wyoming,2004
58928,georgia,2004
33956,montana,2004
47204,nevada,2004
70773,california,2004
74795,massachusetts,2004
36629,alabama,2004
63043,arizona,2004
49922,washington,2004
79225,connecticut,2004
68923,rhode island,2004
38072,tennessee,2004
47985,west virginia,2004
59522,texas,2004
55631,south carolina,2004
51201,kentucky,2004
68051,vermont,2004
65755,wisconsin,2004
58283,florida,2004
60757,michigan,2004
